納品番号	FBA15D26D53K
納品名	FBA (2022/05/12 10:23) - 1
納品プラン番号	PLN1RZVRTH
納品先	TYO2
SKU 合計	31
商品合計数	112

SKU	商品名	ASIN	FNSKU	製品コード	コンディション	梱包	梱包種類	ラベル貼付	同梱
22-BGZI-G4D5	【Smart-Bear】T004 レインコート レインウェア 雨具 キッズ 子供 レインコート 可愛い 超軽量 通学 (ブルー, M)	B0782YMNPM	X000WRDOQN	UPC: 680577733589	新品	不要	"--"	出品者	5
47-P9CG-5ZX5	【Smart-Bear】W022 可愛い キッズ 子供 靴下 ソックス 豚 パンダ 動物柄 くるぶし ジュニア 通気 メッシュ くつした 男の子 女の子 ソックス 綿 5足セット (動物柄, XL:18〜21cm(8-11歳))	B09QHVNT46	X000ZT0155	UPC: 703556070151	新品	不要	"--"	出品者	4
4O-JFNX-RKMV	【Smart-Bear】W007 子供の靴下 ソックス 夏 メッシュ素材 可愛い お姫様 学生用 通園 通学 男女兼用 吸湿 通気 5足セット (L, 男)	B07RRL7Q84	X000RLHM0N	UPC: 703556063085	新品	不要	"--"	出品者	2
53-C8NZ-UF4D	【Smart-Bear】T004 レインコート レインウェア 雨具 キッズ 子供 レインコート 可愛い 超軽量 通学 (イエロー, L)	B0786KYY7Y	X000WRDOQ3	--	新品	不要	"--"	出品者	10
7X-XMTH-ED40	【Smart-Bear】T003 レインコート レインウェア 雨具 キッズ 子供 レインコート 可愛い 超軽量 通学 リュック対応 トリ 果物 花柄 (XL, ピンク)	B07SVL7M3S	X000RRDNGJ	UPC: 703556063399	新品	不要	"--"	出品者	1
91-6HG1-LVP0	[Smart-Bear] T309 キッズ レインブーツ レインシューズ 子供用 長靴 男の子 女の子 雨靴 ゴム長靴 滑り止め 通園・通学・アウトドア遊び用 完全防水 雪遊び 滑りにくい 梅雨対策 プルハンドル付き (イエロー, measurement_22_point_5_centimeters)	B09838NFL3	X000Y3RL19	UPC: 703556069582	新品	不要	"--"	出品者	3
A6-0POG-ZP4D	【Smart-Bear】T008 レインコート レインウェア 雨具 キッズ 子供 レインコート 可愛い 超軽量 通学 フクロウ 梅花 熊 パイナップル (M, グレー)	B07RP62386	X000RJJTZL	UPC: 703556062446	新品	不要	"--"	出品者	3
C8-VY3A-HL06	【Smart-Bear】W005 子供の靴下 男の子 女の子 ソックス 通園 通学 抗菌 通気性 5足セット (M)	B07RRJ5TNV	X000RJ6T1D	UPC: 703556062804	新品	不要	"--"	出品者	5
CT-Q374-BJ1E	[Smart-Bear] T308 キッズ レインブーツ レインシューズ 子供用 長靴 男の子 女の子 雨靴 ゴム長靴 滑り止め 通園・通学・アウトドア遊び用 完全防水 雪遊び 滑りにくい 梅雨対策 (ピンク, measurement_19_point_0_centimeters)	B089Y5Q82W	X000UXXDJH	UPC: 703556068523	新品	不要	"--"	出品者	3
D3-A97R-HYD6	【Smart-Bear】T003 レインコート レインウェア 雨具 キッズ 子供 レインコート 可愛い 超軽量 通学 リュック対応 トリ 果物 花柄 (L, ピンク)	B07SXQV8NQ	X000RS991B	UPC: 703556063382	新品	不要	"--"	出品者	4
F6-ONE1-992E	【Smart-bear】T008 レインコート レインウェア 雨具 キッズ 子供 レインコート 可愛い 超軽量 通学 フクロウ 梅花 熊 パイナップル (XXXL, ピンク)	B07RN5DNXS	X000RMF9L1	UPC: 703556062361	新品	不要	"--"	出品者	5
FN-VIR3-GDHQ	【Smart-bear】T008 レインコート レインウェア 雨具 キッズ 子供 レインコート 可愛い 超軽量 通学 フクロウ 梅花 熊 パイナップル (XL, ピンク)	B07RN3R4CY	X000RJ3M1D	UPC: 703556062347	新品	不要	"--"	出品者	2
FQ-TZLP-HWK1	【Smart-Bear】T004 レインコート レインウェア 雨具 キッズ 子供 レインコート 可愛い 超軽量 通学 (ピンク, M)	B0782RGD4B	X000WRDOQD	UPC: 680577733572	新品	不要	"--"	出品者	2
GY-5YV1-YMBZ	【Smart-bear】T008 レインコート レインウェア 雨具 キッズ 子供 レインコート 可愛い 超軽量 通学 フクロウ 梅花 熊 パイナップル (XXL, ブルー)	B07RSBVWBK	X000RJ3N2V	UPC: 703556062415	新品	不要	"--"	出品者	2
H3-D2Y7-HO7V	【Smart-Bear】T010 レインコート レインウェア 雨具 キッズ 子供 レインコート 可愛い 超軽量 通学 フクロウ 雪の女王 Frozen (ブルー, M)	B07RTGGKQP	X000RKIE0L	UPC: 703556062545	新品	不要	"--"	出品者	2
HU-4C3A-YQ59	【Smart-Bear】T010 レインコート レインウェア 雨具 キッズ 子供 レインコート 可愛い 超軽量 通学 フクロウ 雪の女王 Frozen (ピンク, XL)	B07RN3T64S	X000RKIE15	UPC: 703556062613	新品	不要	"--"	出品者	8
IL-1DYL-IXMN	【Smart-Bear】W101 立体 可愛い動物柄 通学 通園 靴下 キッズ ソックス 女の子 ソックス カラーフル 5足セット (M)	B07STZQL61	X000RTDFPB	UPC: 703556063610	新品	不要	"--"	出品者	5
JW-V3Y7-VVWA	【Smart-Bear】W001 子供の靴下 ソックス 綿 メッシュ素材 薄型 春夏適用 通学 男の子 女の子 キッズ 通園 通学 5足セット (L)	B0888BTMJQ	X000UMZPWB	UPC: 703556067625	新品	不要	"--"	出品者	3
KH-0RZG-S1GO	【Smart-Bear】T010 レインコート レインウェア 雨具 キッズ 子供 レインコート 可愛い 超軽量 通学 フクロウ 雪の女王 Frozen (ピンク, M)	B07RP5YSYZ	X000RJ3OC5	UPC: 703556062590	新品	不要	"--"	出品者	2
LD-NEWP-5XTB	[Smart-Bear] T303 キッズ レインブーツ レインシューズ 子供用 長靴 男の子 女の子 雨靴 ゴム長靴 滑り止め 通園・通学・アウトドア遊び用 完全防水 雪遊び 滑りにくい 梅雨対策 (イエロー, measurement_19_point_0_centimeters)	B089WHDKSW	X000UXVQ19	UPC: 703556068202	新品	不要	"--"	出品者	3
LH-V8JE-G68U	【Smart-bear】T006 レインコート レインウェア 雨具 キッズ 子供 レインコート 可愛い 超軽量 通学 サメ (S, ブルー)	B07RQ4P2QP	X000RJJQ4F	UPC: 703556062200	新品	不要	"--"	出品者	2
LU-ZKNB-TZVQ	【Smart-Bear】T010 レインコート レインウェア 雨具 キッズ 子供 レインコート 可愛い 超軽量 通学 フクロウ 雪の女王 Frozen (ブルー, XXL)	B07RN46T9J	X000RJ3OCF	UPC: 703556062576	新品	不要	"--"	出品者	10
MZ-Z063-LUOE	【Smart-bear】T008 レインコート レインウェア 雨具 キッズ 子供 レインコート 可愛い 超軽量 通学 フクロウ 梅花 熊 パイナップル (L, グリーン)	B07RR92VY8	X000RMF9K7	UPC: 703556062279	新品	不要	"--"	出品者	2
N9-GB8J-KI9M	【Smart-KM】T005 レインコート レインウェア 雨具 キッズ 子供 レインコート 可愛い 超軽量 通学 (イエロー, L)	B07K5S9ZFC	X000RS958N	UPC: 703556058128	新品	不要	"--"	出品者	5
NR-5Z4P-2YBS	【Smart-Bear】W003 子供の靴下 立体 可愛い動物柄 通学 通園 キッズ ソックス 女の子 5足セット (M)	B07RNDMDMY	X000RJN8F3	UPC: 703556062729	新品	不要	"--"	出品者	5
OJ-Q5O2-R6XK	【Smart-KM】T005 レインコート レインウェア 雨具 キッズ 子供 レインコート 可愛い 超軽量 通学 (ブルー, XL)	B07K5SL6NR	X000RS99BV	--	新品	不要	"--"	出品者	3
PX-L66W-SATD	【Smart-Bear】T009 レインコート レインウェア 雨具 キッズ 子供 レインコート 可愛い 超軽量 通学 フクロウ 小さな恐竜 (M)	B07RN3F944	X000RLC8IT	UPC: 703556062507	新品	不要	"--"	出品者	2
UC-ZL16-GS2Z	【Smart-Bear】P002 キッズ服 Tシャツ ズボン 男の子 女の子 パジャマ 前開きキッズ 部屋着 寝間着ルームウェア ホームサービス ベビー 長袖 ボタン トップス ショートパンツ 上下セット服 子供 春 秋 冬 七五三 誕生日 新年 (120cm, バス柄)	B09NSMQLBW	X000ZKDVVP	UPC: 703556070069	新品	不要	"--"	出品者	1
UJ-OP0B-GO35	【Smart-Bear】T003 レインコート レインウェア 雨具 キッズ 子供 レインコート 可愛い 超軽量 通学 リュック対応 トリ 果物 花柄 (XXL, イエロー)	B07SWQ5NN2	X000RRDNH3	UPC: 703556063450	新品	不要	"--"	出品者	2
X9-AILJ-IY98	【Smart-bear】T008 レインコート レインウェア 雨具 キッズ 子供 レインコート 可愛い 超軽量 通学 フクロウ 梅花 熊 パイナップル (XXXL, グリーン)	B07RQ4P48F	X000RJJTZV	UPC: 703556062309	新品	不要	"--"	出品者	4
XA-MQVG-UFQV	[Smart-Bear] T306 キッズ レインブーツ レインシューズ 子供用 長靴 男の子 女の子 雨靴 ゴム長靴 滑り止め 通園・通学・アウトドア遊び用 完全防水 雪遊び 滑りにくい 梅雨対策 プルハンドル付き (サメ柄, measurement_21_point_0_centimeters)	B089WH8GWJ	X000UXRIBB	UPC: 703556068325	新品	不要	"--"	出品者	2
